orderid,orderyear,nextyear
10248,2014,2015
10249,2014,2015
10250,2014,2015
10251,2014,2015
10252,2014,2015
10253,2014,2015
10254,2014,2015
10255,2014,2015
10256,2014,2015
10257,2014,2015
10258,2014,2015
10259,2014,2015
10260,2014,2015
10261,2014,2015
10262,2014,2015
10263,2014,2015
10264,2014,2015
10265,2014,2015
10266,2014,2015
10267,2014,2015
10268,2014,2015
10269,2014,2015
10270,2014,2015
10271,2014,2015
10272,2014,2015
10273,2014,2015
10274,2014,2015
10275,2014,2015
10276,2014,2015
10277,2014,2015
10278,2014,2015
10279,2014,2015
10280,2014,2015
10281,2014,2015
10282,2014,2015
10283,2014,2015
10284,2014,2015
10285,2014,2015
10286,2014,2015
10287,2014,2015
10288,2014,2015
10289,2014,2015
10290,2014,2015
10291,2014,2015
10292,2014,2015
10293,2014,2015
10294,2014,2015
10295,2014,2015
10296,2014,2015
10297,2014,2015
10298,2014,2015
10299,2014,2015
10300,2014,2015
10301,2014,2015
10302,2014,2015
10303,2014,2015
10304,2014,2015
10305,2014,2015
10306,2014,2015
10307,2014,2015
10308,2014,2015
10309,2014,2015
10310,2014,2015
10311,2014,2015
10312,2014,2015
10313,2014,2015
10314,2014,2015
10315,2014,2015
10316,2014,2015
10317,2014,2015
10318,2014,2015
10319,2014,2015
10320,2014,2015
10321,2014,2015
10322,2014,2015
10323,2014,2015
10324,2014,2015
10325,2014,2015
10326,2014,2015
10327,2014,2015
10328,2014,2015
10329,2014,2015
10330,2014,2015
10331,2014,2015
10332,2014,2015
10333,2014,2015
10334,2014,2015
10335,2014,2015
10336,2014,2015
10337,2014,2015
10338,2014,2015
10339,2014,2015
10340,2014,2015
10341,2014,2015
10342,2014,2015
10343,2014,2015
10344,2014,2015
10345,2014,2015
10346,2014,2015
10347,2014,2015
10348,2014,2015
10349,2014,2015
10350,2014,2015
10351,2014,2015
10352,2014,2015
10353,2014,2015
10354,2014,2015
10355,2014,2015
10356,2014,2015
10357,2014,2015
10358,2014,2015
10359,2014,2015
10360,2014,2015
10361,2014,2015
10362,2014,2015
10363,2014,2015
10364,2014,2015
10365,2014,2015
10366,2014,2015
10367,2014,2015
10368,2014,2015
10369,2014,2015
10370,2014,2015
10371,2014,2015
10372,2014,2015
10373,2014,2015
10374,2014,2015
10375,2014,2015
10376,2014,2015
10377,2014,2015
10378,2014,2015
10379,2014,2015
10380,2014,2015
10381,2014,2015
10382,2014,2015
10383,2014,2015
10384,2014,2015
10385,2014,2015
10386,2014,2015
10387,2014,2015
10388,2014,2015
10389,2014,2015
10390,2014,2015
10391,2014,2015
10392,2014,2015
10393,2014,2015
10394,2014,2015
10395,2014,2015
10396,2014,2015
10397,2014,2015
10398,2014,2015
10399,2014,2015
10400,2015,2016
10401,2015,2016
10402,2015,2016
10403,2015,2016
10404,2015,2016
10405,2015,2016
10406,2015,2016
10407,2015,2016
10408,2015,2016
10409,2015,2016
10410,2015,2016
10411,2015,2016
10412,2015,2016
10413,2015,2016
10414,2015,2016
10415,2015,2016
10416,2015,2016
10417,2015,2016
10418,2015,2016
10419,2015,2016
10420,2015,2016
10421,2015,2016
10422,2015,2016
10423,2015,2016
10424,2015,2016
10425,2015,2016
10426,2015,2016
10427,2015,2016
10428,2015,2016
10429,2015,2016
10430,2015,2016
10431,2015,2016
10432,2015,2016
10433,2015,2016
10434,2015,2016
10435,2015,2016
10436,2015,2016
10437,2015,2016
10438,2015,2016
10439,2015,2016
10440,2015,2016
10441,2015,2016
10442,2015,2016
10443,2015,2016
10444,2015,2016
10445,2015,2016
10446,2015,2016
10447,2015,2016
10448,2015,2016
10449,2015,2016
10450,2015,2016
10451,2015,2016
10452,2015,2016
10453,2015,2016
10454,2015,2016
10455,2015,2016
10456,2015,2016
10457,2015,2016
10458,2015,2016
10459,2015,2016
10460,2015,2016
10461,2015,2016
10462,2015,2016
10463,2015,2016
10464,2015,2016
10465,2015,2016
10466,2015,2016
10467,2015,2016
10468,2015,2016
10469,2015,2016
10470,2015,2016
10471,2015,2016
10472,2015,2016
10473,2015,2016
10474,2015,2016
10475,2015,2016
10476,2015,2016
10477,2015,2016
10478,2015,2016
10479,2015,2016
10480,2015,2016
10481,2015,2016
10482,2015,2016
10483,2015,2016
10484,2015,2016
10485,2015,2016
10486,2015,2016
10487,2015,2016
10488,2015,2016
10489,2015,2016
10490,2015,2016
10491,2015,2016
10492,2015,2016
10493,2015,2016
10494,2015,2016
10495,2015,2016
10496,2015,2016
10497,2015,2016
10498,2015,2016
10499,2015,2016
10500,2015,2016
10501,2015,2016
10502,2015,2016
10503,2015,2016
10504,2015,2016
10505,2015,2016
10506,2015,2016
10507,2015,2016
10508,2015,2016
10509,2015,2016
10510,2015,2016
10511,2015,2016
10512,2015,2016
10513,2015,2016
10514,2015,2016
10515,2015,2016
10516,2015,2016
10517,2015,2016
10518,2015,2016
10519,2015,2016
10520,2015,2016
10521,2015,2016
10522,2015,2016
10523,2015,2016
10524,2015,2016
10525,2015,2016
10526,2015,2016
10527,2015,2016
10528,2015,2016
10529,2015,2016
10530,2015,2016
10531,2015,2016
10532,2015,2016
10533,2015,2016
10534,2015,2016
10535,2015,2016
10536,2015,2016
10537,2015,2016
10538,2015,2016
10539,2015,2016
10540,2015,2016
10541,2015,2016
10542,2015,2016
10543,2015,2016
10544,2015,2016
10545,2015,2016
10546,2015,2016
10547,2015,2016
10548,2015,2016
10549,2015,2016
10550,2015,2016
10551,2015,2016
10552,2015,2016
10553,2015,2016
10554,2015,2016
10555,2015,2016
10556,2015,2016
10557,2015,2016
10558,2015,2016
10559,2015,2016
10560,2015,2016
10561,2015,2016
10562,2015,2016
10563,2015,2016
10564,2015,2016
10565,2015,2016
10566,2015,2016
10567,2015,2016
10568,2015,2016
10569,2015,2016
10570,2015,2016
10571,2015,2016
10572,2015,2016
10573,2015,2016
10574,2015,2016
10575,2015,2016
10576,2015,2016
10577,2015,2016
10578,2015,2016
10579,2015,2016
10580,2015,2016
10581,2015,2016
10582,2015,2016
10583,2015,2016
10584,2015,2016
10585,2015,2016
10586,2015,2016
10587,2015,2016
10588,2015,2016
10589,2015,2016
10590,2015,2016
10591,2015,2016
10592,2015,2016
10593,2015,2016
10594,2015,2016
10595,2015,2016
10596,2015,2016
10597,2015,2016
10598,2015,2016
10599,2015,2016
10600,2015,2016
10601,2015,2016
10602,2015,2016
10603,2015,2016
10604,2015,2016
10605,2015,2016
10606,2015,2016
10607,2015,2016
10608,2015,2016
10609,2015,2016
10610,2015,2016
10611,2015,2016
10612,2015,2016
10613,2015,2016
10614,2015,2016
10615,2015,2016
10616,2015,2016
10617,2015,2016
10618,2015,2016
10619,2015,2016
10620,2015,2016
10621,2015,2016
10622,2015,2016
10623,2015,2016
10624,2015,2016
10625,2015,2016
10626,2015,2016
10627,2015,2016
10628,2015,2016
10629,2015,2016
10630,2015,2016
10631,2015,2016
10632,2015,2016
10633,2015,2016
10634,2015,2016
10635,2015,2016
10636,2015,2016
10637,2015,2016
10638,2015,2016
10639,2015,2016
10640,2015,2016
10641,2015,2016
10642,2015,2016
10643,2015,2016
10644,2015,2016
10645,2015,2016
10646,2015,2016
10647,2015,2016
10648,2015,2016
10649,2015,2016
10650,2015,2016
10651,2015,2016
10652,2015,2016
10653,2015,2016
10654,2015,2016
10655,2015,2016
10656,2015,2016
10657,2015,2016
10658,2015,2016
10659,2015,2016
10660,2015,2016
10661,2015,2016
10662,2015,2016
10663,2015,2016
10664,2015,2016
10665,2015,2016
10666,2015,2016
10667,2015,2016
10668,2015,2016
10669,2015,2016
10670,2015,2016
10671,2015,2016
10672,2015,2016
10673,2015,2016
10674,2015,2016
10675,2015,2016
10676,2015,2016
10677,2015,2016
10678,2015,2016
10679,2015,2016
10680,2015,2016
10681,2015,2016
10682,2015,2016
10683,2015,2016
10684,2015,2016
10685,2015,2016
10686,2015,2016
10687,2015,2016
10688,2015,2016
10689,2015,2016
10690,2015,2016
10691,2015,2016
10692,2015,2016
10693,2015,2016
10694,2015,2016
10695,2015,2016
10696,2015,2016
10697,2015,2016
10698,2015,2016
10699,2015,2016
10700,2015,2016
10701,2015,2016
10702,2015,2016
10703,2015,2016
10704,2015,2016
10705,2015,2016
10706,2015,2016
10707,2015,2016
10708,2015,2016
10709,2015,2016
10710,2015,2016
10711,2015,2016
10712,2015,2016
10713,2015,2016
10714,2015,2016
10715,2015,2016
10716,2015,2016
10717,2015,2016
10718,2015,2016
10719,2015,2016
10720,2015,2016
10721,2015,2016
10722,2015,2016
10723,2015,2016
10724,2015,2016
10725,2015,2016
10726,2015,2016
10727,2015,2016
10728,2015,2016
10729,2015,2016
10730,2015,2016
10731,2015,2016
10732,2015,2016
10733,2015,2016
10734,2015,2016
10735,2015,2016
10736,2015,2016
10737,2015,2016
10738,2015,2016
10739,2015,2016
10740,2015,2016
10741,2015,2016
10742,2015,2016
10743,2015,2016
10744,2015,2016
10745,2015,2016
10746,2015,2016
10747,2015,2016
10748,2015,2016
10749,2015,2016
10750,2015,2016
10751,2015,2016
10752,2015,2016
10753,2015,2016
10754,2015,2016
10755,2015,2016
10756,2015,2016
10757,2015,2016
10758,2015,2016
10759,2015,2016
10760,2015,2016
10761,2015,2016
10762,2015,2016
10763,2015,2016
10764,2015,2016
10765,2015,2016
10766,2015,2016
10767,2015,2016
10768,2015,2016
10769,2015,2016
10770,2015,2016
10771,2015,2016
10772,2015,2016
10773,2015,2016
10774,2015,2016
10775,2015,2016
10776,2015,2016
10777,2015,2016
10778,2015,2016
10779,2015,2016
10780,2015,2016
10781,2015,2016
10782,2015,2016
10783,2015,2016
10784,2015,2016
10785,2015,2016
10786,2015,2016
10787,2015,2016
10788,2015,2016
10789,2015,2016
10790,2015,2016
10791,2015,2016
10792,2015,2016
10793,2015,2016
10794,2015,2016
10795,2015,2016
10796,2015,2016
10797,2015,2016
10798,2015,2016
10799,2015,2016
10800,2015,2016
10801,2015,2016
10802,2015,2016
10803,2015,2016
10804,2015,2016
10805,2015,2016
10806,2015,2016
10807,2015,2016
10808,2016,2017
10809,2016,2017
10810,2016,2017
10811,2016,2017
10812,2016,2017
10813,2016,2017
10814,2016,2017
10815,2016,2017
10816,2016,2017
10817,2016,2017
10818,2016,2017
10819,2016,2017
10820,2016,2017
10821,2016,2017
10822,2016,2017
10823,2016,2017
10824,2016,2017
10825,2016,2017
10826,2016,2017
10827,2016,2017
10828,2016,2017
10829,2016,2017
10830,2016,2017
10831,2016,2017
10832,2016,2017
10833,2016,2017
10834,2016,2017
10835,2016,2017
10836,2016,2017
10837,2016,2017
10838,2016,2017
10839,2016,2017
10840,2016,2017
10841,2016,2017
10842,2016,2017
10843,2016,2017
10844,2016,2017
10845,2016,2017
10846,2016,2017
10847,2016,2017
10848,2016,2017
10849,2016,2017
10850,2016,2017
10851,2016,2017
10852,2016,2017
10853,2016,2017
10854,2016,2017
10855,2016,2017
10856,2016,2017
10857,2016,2017
10858,2016,2017
10859,2016,2017
10860,2016,2017
10861,2016,2017
10862,2016,2017
10863,2016,2017
10864,2016,2017
10865,2016,2017
10866,2016,2017
10867,2016,2017
10868,2016,2017
10869,2016,2017
10870,2016,2017
10871,2016,2017
10872,2016,2017
10873,2016,2017
10874,2016,2017
10875,2016,2017
10876,2016,2017
10877,2016,2017
10878,2016,2017
10879,2016,2017
10880,2016,2017
10881,2016,2017
10882,2016,2017
10883,2016,2017
10884,2016,2017
10885,2016,2017
10886,2016,2017
10887,2016,2017
10888,2016,2017
10889,2016,2017
10890,2016,2017
10891,2016,2017
10892,2016,2017
10893,2016,2017
10894,2016,2017
10895,2016,2017
10896,2016,2017
10897,2016,2017
10898,2016,2017
10899,2016,2017
10900,2016,2017
10901,2016,2017
10902,2016,2017
10903,2016,2017
10904,2016,2017
10905,2016,2017
10906,2016,2017
10907,2016,2017
10908,2016,2017
10909,2016,2017
10910,2016,2017
10911,2016,2017
10912,2016,2017
10913,2016,2017
10914,2016,2017
10915,2016,2017
10916,2016,2017
10917,2016,2017
10918,2016,2017
10919,2016,2017
10920,2016,2017
10921,2016,2017
10922,2016,2017
10923,2016,2017
10924,2016,2017
10925,2016,2017
10926,2016,2017
10927,2016,2017
10928,2016,2017
10929,2016,2017
10930,2016,2017
10931,2016,2017
10932,2016,2017
10933,2016,2017
10934,2016,2017
10935,2016,2017
10936,2016,2017
10937,2016,2017
10938,2016,2017
10939,2016,2017
10940,2016,2017
10941,2016,2017
10942,2016,2017
10943,2016,2017
10944,2016,2017
10945,2016,2017
10946,2016,2017
10947,2016,2017
10948,2016,2017
10949,2016,2017
10950,2016,2017
10951,2016,2017
10952,2016,2017
10953,2016,2017
10954,2016,2017
10955,2016,2017
10956,2016,2017
10957,2016,2017
10958,2016,2017
10959,2016,2017
10960,2016,2017
10961,2016,2017
10962,2016,2017
10963,2016,2017
10964,2016,2017
10965,2016,2017
10966,2016,2017
10967,2016,2017
10968,2016,2017
10969,2016,2017
10970,2016,2017
10971,2016,2017
10972,2016,2017
10973,2016,2017
10974,2016,2017
10975,2016,2017
10976,2016,2017
10977,2016,2017
10978,2016,2017
10979,2016,2017
10980,2016,2017
10981,2016,2017
10982,2016,2017
10983,2016,2017
10984,2016,2017
10985,2016,2017
10986,2016,2017
10987,2016,2017
10988,2016,2017
10989,2016,2017
10990,2016,2017
10991,2016,2017
10992,2016,2017
10993,2016,2017
10994,2016,2017
10995,2016,2017
10996,2016,2017
10997,2016,2017
10998,2016,2017
10999,2016,2017
11000,2016,2017
11001,2016,2017
11002,2016,2017
11003,2016,2017
11004,2016,2017
11005,2016,2017
11006,2016,2017
11007,2016,2017
11008,2016,2017
11009,2016,2017
11010,2016,2017
11011,2016,2017
11012,2016,2017
11013,2016,2017
11014,2016,2017
11015,2016,2017
11016,2016,2017
11017,2016,2017
11018,2016,2017
11019,2016,2017
11020,2016,2017
11021,2016,2017
11022,2016,2017
11023,2016,2017
11024,2016,2017
11025,2016,2017
11026,2016,2017
11027,2016,2017
11028,2016,2017
11029,2016,2017
11030,2016,2017
11031,2016,2017
11032,2016,2017
11033,2016,2017
11034,2016,2017
11035,2016,2017
11036,2016,2017
11037,2016,2017
11038,2016,2017
11039,2016,2017
11040,2016,2017
11041,2016,2017
11042,2016,2017
11043,2016,2017
11044,2016,2017
11045,2016,2017
11046,2016,2017
11047,2016,2017
11048,2016,2017
11049,2016,2017
11050,2016,2017
11051,2016,2017
11052,2016,2017
11053,2016,2017
11054,2016,2017
11055,2016,2017
11056,2016,2017
11057,2016,2017
11058,2016,2017
11059,2016,2017
11060,2016,2017
11061,2016,2017
11062,2016,2017
11063,2016,2017
11064,2016,2017
11065,2016,2017
11066,2016,2017
11067,2016,2017
11068,2016,2017
11069,2016,2017
11070,2016,2017
11071,2016,2017
11072,2016,2017
11073,2016,2017
11074,2016,2017
11075,2016,2017
11076,2016,2017
11077,2016,2017
